Campaign,Campaign type,Networks,Language,Campaign daily budget,Bid strategy type,Start date,End date,Campaign Status,EU political ads,Location,Location ID,Age,Ad Group,Ad Group Status,Status,Type,Keyword,Final URL,Path 1,Path 2,Headline 1,Headline 2,Headline 3,Headline 4,Headline 5,Headline 6,Headline 7,Headline 8,Headline 9,Headline 10,Headline 11,Headline 12,Headline 13,Headline 14,Headline 15,Headline 1 position,Headline 2 position,Headline 3 position,Headline 4 position,Headline 5 position,Headline 6 position,Headline 7 position,Headline 8 position,Headline 9 position,Headline 10 position,Headline 11 position,Headline 12 position,Headline 13 position,Headline 14 position,Headline 15 position,Description 1,Description 2,Description 3,Description 4,Sitelink text,Callout text,Header,Snippet Values,Comment
Search | Auto Digital | Producto Always On,Search,Google Search;Search Partners,es,25,Maximize clicks,[],2026-12-31,Paused,No,,,,,,,,,,,,,,,,,,,,,,,,,,,,,,,,,,,,,,,,,,,,,,,,,,Search de producto Always On; termina el 31/12/2026; presupuesto diario CLP 25
Search | Auto Digital | Producto Always On,,,,,,,,,,"Santiago Metropolitan Region,Chile",20160,,,,,,,,,,,,,,,,,,,,,,,,,,,,,,,,,,,,,,,,,,,,,,,,Segmentación geográfica: Region en Chile
Search | Auto Digital | Producto Always On,,,,,,,,,,"Valparaiso,Valparaiso,Valparaiso,Chile",1003332,,,,,,,,,,,,,,,,,,,,,,,,,,,,,,,,,,,,,,,,,,,,,,,,Segmentación geográfica: City en Chile
Search | Auto Digital | Producto Always On,,,,,,,,,,"Concepcion,Bio Bio,Chile",1003302,,,,,,,,,,,,,,,,,,,,,,,,,,,,,,,,,,,,,,,,,,,,,,,,Segmentación geográfica: City en Chile
Search | Auto Digital | Producto Always On,,,,,,,,,,"Antofagasta,Antofagasta,Antofagasta,Chile",1003298,,,,,,,,,,,,,,,,,,,,,,,,,,,,,,,,,,,,,,,,,,,,,,,,Segmentación geográfica: City en Chile
Search | Auto Digital | Producto Always On,,,,,,,,,,"Chillan,Chillan,Nuble,Chile",9048036,,,,,,,,,,,,,,,,,,,,,,,,,,,,,,,,,,,,,,,,,,,,,,,,Segmentación geográfica: City en Chile
Search | Auto Digital | Producto Always On,,,,,,,,,,,,18-24,,,,Campaign negative,,,,,,,,,,,,,,,,,,,,,,,,,,,,,,,,,,,,,,,,,,,Exclusión etaria para segmentar estrictamente desde 25 años
Search | Auto Digital | Producto Always On,,,,,,,,,,,,Unknown,,,,Campaign negative,,,,,,,,,,,,,,,,,,,,,,,,,,,,,,,,,,,,,,,,,,,Exclusión etaria para segmentar estrictamente desde 25 años
Search | Auto Digital | Promo 3 Cuotas,Search,Google Search;Search Partners,es,25,Maximize clicks,[],2026-09-30,Paused,No,,,,,,,,,,,,,,,,,,,,,,,,,,,,,,,,,,,,,,,,,,,,,,,,,,Search promocional; termina automáticamente el 30/09/2026; presupuesto diario CLP 25
Search | Auto Digital | Promo 3 Cuotas,,,,,,,,,,"Santiago Metropolitan Region,Chile",20160,,,,,,,,,,,,,,,,,,,,,,,,,,,,,,,,,,,,,,,,,,,,,,,,Segmentación geográfica: Region en Chile
Search | Auto Digital | Promo 3 Cuotas,,,,,,,,,,"Valparaiso,Valparaiso,Valparaiso,Chile",1003332,,,,,,,,,,,,,,,,,,,,,,,,,,,,,,,,,,,,,,,,,,,,,,,,Segmentación geográfica: City en Chile
Search | Auto Digital | Promo 3 Cuotas,,,,,,,,,,"Concepcion,Bio Bio,Chile",1003302,,,,,,,,,,,,,,,,,,,,,,,,,,,,,,,,,,,,,,,,,,,,,,,,Segmentación geográfica: City en Chile
Search | Auto Digital | Promo 3 Cuotas,,,,,,,,,,"Antofagasta,Antofagasta,Antofagasta,Chile",1003298,,,,,,,,,,,,,,,,,,,,,,,,,,,,,,,,,,,,,,,,,,,,,,,,Segmentación geográfica: City en Chile
Search | Auto Digital | Promo 3 Cuotas,,,,,,,,,,"Chillan,Chillan,Nuble,Chile",9048036,,,,,,,,,,,,,,,,,,,,,,,,,,,,,,,,,,,,,,,,,,,,,,,,Segmentación geográfica: City en Chile
Search | Auto Digital | Promo 3 Cuotas,,,,,,,,,,,,18-24,,,,Campaign negative,,,,,,,,,,,,,,,,,,,,,,,,,,,,,,,,,,,,,,,,,,,Exclusión etaria para segmentar estrictamente desde 25 años
Search | Auto Digital | Promo 3 Cuotas,,,,,,,,,,,,Unknown,,,,Campaign negative,,,,,,,,,,,,,,,,,,,,,,,,,,,,,,,,,,,,,,,,,,,Exclusión etaria para segmentar estrictamente desde 25 años
Search | Auto Digital | Producto Always On,,,,,,,,,,,,,AD | Seguro Auto Digital,Enabled,,,,,,,,,,,,,,,,,,,,,,,,,,,,,,,,,,,,,,,,,,,,,Grupo habilitado dentro de campaña pausada; la puja se hereda de Maximizar clics
Search | Auto Digital | Producto Always On,,,,,,,,,,,,,AD | Seguro Auto Digital,,Enabled,,,https://www9.acme.cl/corporate/web/ventadigital/cotizacionPlus/auto-digital/inicio,seguro-auto,auto-digital,Seguro Auto Digital Acme,Acme Seguro Auto Digital,Auto Digital Acme Online,Cotiza Auto Digital Acme,Contrata Auto Digital Acme,Contrata 100% En Línea,Cotiza y Contrata Online,3 Planes Para Elegir,Elige Tu Deducible,"Deducibles 0, 3, 5 o 10 UF",Protección Ante Robo y Daños,Responsabilidad Civil,Grúa y Rescate 24/7,Auto de Reemplazo,Cotiza Tu Seguro Hoy,1,1,1,1,1,,,,,,,,,,,Cotiza y contrata Seguro Auto Digital Acme 100% online según tu tipo de vehículo.,"Elige Plan Básico, Estándar o Premium y revisa el precio antes de contratar.","Protección ante robo, daños materiales y responsabilidad civil. Revisa condiciones.","Incluye grúa 24/7, conductor de reemplazo y reparación in situ.",,,,,RSA con 15 títulos; los 5 títulos Acme/producto están fijados como alternativas en posición 1
Search | Auto Digital | Producto Always On,,,,,,,,,,,,,AD | Cotiza y Contrata,Enabled,,,,,,,,,,,,,,,,,,,,,,,,,,,,,,,,,,,,,,,,,,,,,Grupo habilitado dentro de campaña pausada; la puja se hereda de Maximizar clics
Search | Auto Digital | Producto Always On,,,,,,,,,,,,,AD | Cotiza y Contrata,,Enabled,,,https://www9.acme.cl/corporate/web/ventadigital/cotizacionPlus/auto-digital/inicio,seguro-auto,cotiza-online,Seguro Auto Digital Acme,Acme Seguro Auto Digital,Auto Digital Acme Online,Cotiza Auto Digital Acme,Contrata Auto Digital Acme,Cotiza y Contrata Ahora,Contrata 100% En Línea,Obtén Tu Cotización,Revisa Tu Precio Online,Elige Tu Plan Hoy,3 Planes Para Elegir,Elige Tu Deducible,Seguro Automotriz Online,Revisa Coberturas y Planes,Contrata Tu Seguro Hoy,1,1,1,1,1,,,,,,,,,,,Cotiza Seguro Auto Digital Acme 100% online y revisa tu precio antes de contratar.,"Compara los planes Básico, Estándar y Premium y elige el que se adapte a ti.","Elige deducible de 0, 3, 5 o 10 UF y revisa coberturas y condiciones.",Cotiza y contrata online tu seguro de auto con respaldo Acme.,,,,,RSA con 15 títulos; los 5 títulos Acme/producto están fijados como alternativas en posición 1
Search | Auto Digital | Producto Always On,,,,,,,,,,,,,AD | Planes y Coberturas,Enabled,,,,,,,,,,,,,,,,,,,,,,,,,,,,,,,,,,,,,,,,,,,,,Grupo habilitado dentro de campaña pausada; la puja se hereda de Maximizar clics
Search | Auto Digital | Producto Always On,,,,,,,,,,,,,AD | Planes y Coberturas,,Enabled,,,https://www9.acme.cl/corporate/web/ventadigital/cotizacionPlus/auto-digital/inicio,seguro-auto,coberturas,Seguro Auto Digital Acme,Acme Seguro Auto Digital,Auto Digital Acme Online,Cotiza Auto Digital Acme,Contrata Auto Digital Acme,3 Planes Para Elegir,Protección Ante Robo y Daños,Daños Materiales y Robo,Responsabilidad Civil,Deducible Inteligente,Grúa y Rescate 24/7,Auto de Reemplazo,Conductor de Reemplazo,Reparación In Situ,Cotiza Según Tu Auto,1,1,1,1,1,,,,,,,,,,,"Elige entre tres planes con coberturas para robo, daños y responsabilidad civil.","Todos los planes incluyen grúa 24/7, conductor de reemplazo y reparación in situ.",Auto de reemplazo según la alternativa elegida. Revisa asistencias por plan.,Cotiza 100% online y revisa qué cubre cada plan antes de contratar.,,,,,RSA con 15 títulos; los 5 títulos Acme/producto están fijados como alternativas en posición 1
Search | Auto Digital | Promo 3 Cuotas,,,,,,,,,,,,,AD | Promo 3 Cuotas,Enabled,,,,,,,,,,,,,,,,,,,,,,,,,,,,,,,,,,,,,,,,,,,,,Grupo habilitado dentro de campaña pausada; la puja se hereda de Maximizar clics
Search | Auto Digital | Promo 3 Cuotas,,,,,,,,,,,,,AD | Promo 3 Cuotas,,Enabled,,,https://www9.acme.cl/corporate/web/ventadigital/cotizacionPlus/auto-digital/inicio,seguro-auto,3-cuotas-gratis,Seguro Auto Digital Acme,Acme Seguro Auto Digital,Auto Digital Acme Online,Cotiza Auto Digital Acme,Contrata Auto Digital Acme,3 Cuotas Gratis,Aprovecha 3 Cuotas Gratis,Tu Auto Con 3 Cuotas Gratis,Contrata 100% En Línea,Cotiza y Contrata Online,Promoción Hasta 30/09,Beneficios Mundo Acme,Grúa y Rescate 24/7,Conductor de Reemplazo,Reparación In Situ,1,1,1,1,1,,,,,,,,,,,Contrata Auto Digital Acme 100% online y obtén 3 cuotas gratis. Según bases.,Compra 100% en línea de acuerdo con tu tipo de vehículo. Revisa condiciones.,"Incluye grúa 24/7, conductor de reemplazo y reparación in situ.","Promoción vigente hasta el 30/09/2026. Revisa requisitos, condiciones y bases.",,,,,RSA con 15 títulos; los 5 títulos Acme/producto están fijados como alternativas en posición 1
Search | Auto Digital | Producto Always On,,,,,,,,,,,,,AD | Seguro Auto Digital,,Enabled,Exact,seguro auto digital,https://www9.acme.cl/corporate/web/ventadigital/cotizacionPlus/auto-digital/inicio,,,,,,,,,,,,,,,,,,,,,,,,,,,,,,,,,,,,,,,,,Keyword positiva de alta intención
Search | Auto Digital | Producto Always On,,,,,,,,,,,,,AD | Seguro Auto Digital,,Enabled,Phrase,seguro auto digital,https://www9.acme.cl/corporate/web/ventadigital/cotizacionPlus/auto-digital/inicio,,,,,,,,,,,,,,,,,,,,,,,,,,,,,,,,,,,,,,,,,Keyword positiva de alta intención
Search | Auto Digital | Producto Always On,,,,,,,,,,,,,AD | Seguro Auto Digital,,Enabled,Exact,seguro auto digital acme,https://www9.acme.cl/corporate/web/ventadigital/cotizacionPlus/auto-digital/inicio,,,,,,,,,,,,,,,,,,,,,,,,,,,,,,,,,,,,,,,,,Keyword positiva de alta intención
Search | Auto Digital | Producto Always On,,,,,,,,,,,,,AD | Seguro Auto Digital,,Enabled,Phrase,seguro auto digital acme,https://www9.acme.cl/corporate/web/ventadigital/cotizacionPlus/auto-digital/inicio,,,,,,,,,,,,,,,,,,,,,,,,,,,,,,,,,,,,,,,,,Keyword positiva de alta intención
Search | Auto Digital | Producto Always On,,,,,,,,,,,,,AD | Seguro Auto Digital,,Enabled,Exact,seguro auto acme,https://www9.acme.cl/corporate/web/ventadigital/cotizacionPlus/auto-digital/inicio,,,,,,,,,,,,,,,,,,,,,,,,,,,,,,,,,,,,,,,,,Keyword positiva de alta intención
Search | Auto Digital | Producto Always On,,,,,,,,,,,,,AD | Seguro Auto Digital,,Enabled,Phrase,seguro auto acme,https://www9.acme.cl/corporate/web/ventadigital/cotizacionPlus/auto-digital/inicio,,,,,,,,,,,,,,,,,,,,,,,,,,,,,,,,,,,,,,,,,Keyword positiva de alta intención
Search | Auto Digital | Producto Always On,,,,,,,,,,,,,AD | Seguro Auto Digital,,Enabled,Exact,seguro automotriz acme,https://www9.acme.cl/corporate/web/ventadigital/cotizacionPlus/auto-digital/inicio,,,,,,,,,,,,,,,,,,,,,,,,,,,,,,,,,,,,,,,,,Keyword positiva de alta intención
Search | Auto Digital | Producto Always On,,,,,,,,,,,,,AD | Seguro Auto Digital,,Enabled,Phrase,seguro automotriz acme,https://www9.acme.cl/corporate/web/ventadigital/cotizacionPlus/auto-digital/inicio,,,,,,,,,,,,,,,,,,,,,,,,,,,,,,,,,,,,,,,,,Keyword positiva de alta intención
Search | Auto Digital | Producto Always On,,,,,,,,,,,,,AD | Seguro Auto Digital,,Enabled,Exact,auto digital acme,https://www9.acme.cl/corporate/web/ventadigital/cotizacionPlus/auto-digital/inicio,,,,,,,,,,,,,,,,,,,,,,,,,,,,,,,,,,,,,,,,,Keyword positiva de alta intención
Search | Auto Digital | Producto Always On,,,,,,,,,,,,,AD | Seguro Auto Digital,,Enabled,Phrase,auto digital acme,https://www9.acme.cl/corporate/web/ventadigital/cotizacionPlus/auto-digital/inicio,,,,,,,,,,,,,,,,,,,,,,,,,,,,,,,,,,,,,,,,,Keyword positiva de alta intención
Search | Auto Digital | Producto Always On,,,,,,,,,,,,,AD | Seguro Auto Digital,,Enabled,Exact,seguro auto 3 planes,https://www9.acme.cl/corporate/web/ventadigital/cotizacionPlus/auto-digital/inicio,,,,,,,,,,,,,,,,,,,,,,,,,,,,,,,,,,,,,,,,,Keyword positiva de alta intención
Search | Auto Digital | Producto Always On,,,,,,,,,,,,,AD | Seguro Auto Digital,,Enabled,Phrase,seguro auto 3 planes,https://www9.acme.cl/corporate/web/ventadigital/cotizacionPlus/auto-digital/inicio,,,,,,,,,,,,,,,,,,,,,,,,,,,,,,,,,,,,,,,,,Keyword positiva de alta intención
Search | Auto Digital | Producto Always On,,,,,,,,,,,,,AD | Seguro Auto Digital,,Enabled,Exact,seguro auto deducible 0 uf,https://www9.acme.cl/corporate/web/ventadigital/cotizacionPlus/auto-digital/inicio,,,,,,,,,,,,,,,,,,,,,,,,,,,,,,,,,,,,,,,,,Keyword positiva de alta intención
Search | Auto Digital | Producto Always On,,,,,,,,,,,,,AD | Seguro Auto Digital,,Enabled,Phrase,seguro auto deducible 0 uf,https://www9.acme.cl/corporate/web/ventadigital/cotizacionPlus/auto-digital/inicio,,,,,,,,,,,,,,,,,,,,,,,,,,,,,,,,,,,,,,,,,Keyword positiva de alta intención
Search | Auto Digital | Producto Always On,,,,,,,,,,,,,AD | Cotiza y Contrata,,Enabled,Exact,cotizar seguro de auto,https://www9.acme.cl/corporate/web/ventadigital/cotizacionPlus/auto-digital/inicio,,,,,,,,,,,,,,,,,,,,,,,,,,,,,,,,,,,,,,,,,Keyword positiva de alta intención
Search | Auto Digital | Producto Always On,,,,,,,,,,,,,AD | Cotiza y Contrata,,Enabled,Phrase,cotizar seguro de auto,https://www9.acme.cl/corporate/web/ventadigital/cotizacionPlus/auto-digital/inicio,,,,,,,,,,,,,,,,,,,,,,,,,,,,,,,,,,,,,,,,,Keyword positiva de alta intención
Search | Auto Digital | Producto Always On,,,,,,,,,,,,,AD | Cotiza y Contrata,,Enabled,Exact,cotizar seguro automotriz,https://www9.acme.cl/corporate/web/ventadigital/cotizacionPlus/auto-digital/inicio,,,,,,,,,,,,,,,,,,,,,,,,,,,,,,,,,,,,,,,,,Keyword positiva de alta intención
Search | Auto Digital | Producto Always On,,,,,,,,,,,,,AD | Cotiza y Contrata,,Enabled,Phrase,cotizar seguro automotriz,https://www9.acme.cl/corporate/web/ventadigital/cotizacionPlus/auto-digital/inicio,,,,,,,,,,,,,,,,,,,,,,,,,,,,,,,,,,,,,,,,,Keyword positiva de alta intención
Search | Auto Digital | Producto Always On,,,,,,,,,,,,,AD | Cotiza y Contrata,,Enabled,Exact,contratar seguro de auto,https://www9.acme.cl/corporate/web/ventadigital/cotizacionPlus/auto-digital/inicio,,,,,,,,,,,,,,,,,,,,,,,,,,,,,,,,,,,,,,,,,Keyword positiva de alta intención
Search | Auto Digital | Producto Always On,,,,,,,,,,,,,AD | Cotiza y Contrata,,Enabled,Phrase,contratar seguro de auto,https://www9.acme.cl/corporate/web/ventadigital/cotizacionPlus/auto-digital/inicio,,,,,,,,,,,,,,,,,,,,,,,,,,,,,,,,,,,,,,,,,Keyword positiva de alta intención
Search | Auto Digital | Producto Always On,,,,,,,,,,,,,AD | Cotiza y Contrata,,Enabled,Exact,contratar seguro automotriz,https://www9.acme.cl/corporate/web/ventadigital/cotizacionPlus/auto-digital/inicio,,,,,,,,,,,,,,,,,,,,,,,,,,,,,,,,,,,,,,,,,Keyword positiva de alta intención
Search | Auto Digital | Producto Always On,,,,,,,,,,,,,AD | Cotiza y Contrata,,Enabled,Phrase,contratar seguro automotriz,https://www9.acme.cl/corporate/web/ventadigital/cotizacionPlus/auto-digital/inicio,,,,,,,,,,,,,,,,,,,,,,,,,,,,,,,,,,,,,,,,,Keyword positiva de alta intención
Search | Auto Digital | Producto Always On,,,,,,,,,,,,,AD | Cotiza y Contrata,,Enabled,Exact,comprar seguro de auto,https://www9.acme.cl/corporate/web/ventadigital/cotizacionPlus/auto-digital/inicio,,,,,,,,,,,,,,,,,,,,,,,,,,,,,,,,,,,,,,,,,Keyword positiva de alta intención
Search | Auto Digital | Producto Always On,,,,,,,,,,,,,AD | Cotiza y Contrata,,Enabled,Phrase,comprar seguro de auto,https://www9.acme.cl/corporate/web/ventadigital/cotizacionPlus/auto-digital/inicio,,,,,,,,,,,,,,,,,,,,,,,,,,,,,,,,,,,,,,,,,Keyword positiva de alta intención
Search | Auto Digital | Producto Always On,,,,,,,,,,,,,AD | Cotiza y Contrata,,Enabled,Exact,seguro de auto online,https://www9.acme.cl/corporate/web/ventadigital/cotizacionPlus/auto-digital/inicio,,,,,,,,,,,,,,,,,,,,,,,,,,,,,,,,,,,,,,,,,Keyword positiva de alta intención
Search | Auto Digital | Producto Always On,,,,,,,,,,,,,AD | Cotiza y Contrata,,Enabled,Phrase,seguro de auto online,https://www9.acme.cl/corporate/web/ventadigital/cotizacionPlus/auto-digital/inicio,,,,,,,,,,,,,,,,,,,,,,,,,,,,,,,,,,,,,,,,,Keyword positiva de alta intención
Search | Auto Digital | Producto Always On,,,,,,,,,,,,,AD | Cotiza y Contrata,,Enabled,Exact,seguro automotriz online,https://www9.acme.cl/corporate/web/ventadigital/cotizacionPlus/auto-digital/inicio,,,,,,,,,,,,,,,,,,,,,,,,,,,,,,,,,,,,,,,,,Keyword positiva de alta intención
Search | Auto Digital | Producto Always On,,,,,,,,,,,,,AD | Cotiza y Contrata,,Enabled,Phrase,seguro automotriz online,https://www9.acme.cl/corporate/web/ventadigital/cotizacionPlus/auto-digital/inicio,,,,,,,,,,,,,,,,,,,,,,,,,,,,,,,,,,,,,,,,,Keyword positiva de alta intención
Search | Auto Digital | Producto Always On,,,,,,,,,,,,,AD | Cotiza y Contrata,,Enabled,Exact,seguro para auto online,https://www9.acme.cl/corporate/web/ventadigital/cotizacionPlus/auto-digital/inicio,,,,,,,,,,,,,,,,,,,,,,,,,,,,,,,,,,,,,,,,,Keyword positiva de alta intención
Search | Auto Digital | Producto Always On,,,,,,,,,,,,,AD | Cotiza y Contrata,,Enabled,Phrase,seguro para auto online,https://www9.acme.cl/corporate/web/ventadigital/cotizacionPlus/auto-digital/inicio,,,,,,,,,,,,,,,,,,,,,,,,,,,,,,,,,,,,,,,,,Keyword positiva de alta intención
Search | Auto Digital | Producto Always On,,,,,,,,,,,,,AD | Planes y Coberturas,,Enabled,Exact,seguro auto robo y daños,https://www9.acme.cl/corporate/web/ventadigital/cotizacionPlus/auto-digital/inicio,,,,,,,,,,,,,,,,,,,,,,,,,,,,,,,,,,,,,,,,,Keyword positiva de alta intención
Search | Auto Digital | Producto Always On,,,,,,,,,,,,,AD | Planes y Coberturas,,Enabled,Phrase,seguro auto robo y daños,https://www9.acme.cl/corporate/web/ventadigital/cotizacionPlus/auto-digital/inicio,,,,,,,,,,,,,,,,,,,,,,,,,,,,,,,,,,,,,,,,,Keyword positiva de alta intención
Search | Auto Digital | Producto Always On,,,,,,,,,,,,,AD | Planes y Coberturas,,Enabled,Exact,seguro auto daños materiales,https://www9.acme.cl/corporate/web/ventadigital/cotizacionPlus/auto-digital/inicio,,,,,,,,,,,,,,,,,,,,,,,,,,,,,,,,,,,,,,,,,Keyword positiva de alta intención
Search | Auto Digital | Producto Always On,,,,,,,,,,,,,AD | Planes y Coberturas,,Enabled,Phrase,seguro auto daños materiales,https://www9.acme.cl/corporate/web/ventadigital/cotizacionPlus/auto-digital/inicio,,,,,,,,,,,,,,,,,,,,,,,,,,,,,,,,,,,,,,,,,Keyword positiva de alta intención
Search | Auto Digital | Producto Always On,,,,,,,,,,,,,AD | Planes y Coberturas,,Enabled,Exact,seguro auto perdida total,https://www9.acme.cl/corporate/web/ventadigital/cotizacionPlus/auto-digital/inicio,,,,,,,,,,,,,,,,,,,,,,,,,,,,,,,,,,,,,,,,,Keyword positiva de alta intención
Search | Auto Digital | Producto Always On,,,,,,,,,,,,,AD | Planes y Coberturas,,Enabled,Phrase,seguro auto perdida total,https://www9.acme.cl/corporate/web/ventadigital/cotizacionPlus/auto-digital/inicio,,,,,,,,,,,,,,,,,,,,,,,,,,,,,,,,,,,,,,,,,Keyword positiva de alta intención
Search | Auto Digital | Producto Always On,,,,,,,,,,,,,AD | Planes y Coberturas,,Enabled,Exact,seguro auto responsabilidad civil,https://www9.acme.cl/corporate/web/ventadigital/cotizacionPlus/auto-digital/inicio,,,,,,,,,,,,,,,,,,,,,,,,,,,,,,,,,,,,,,,,,Keyword positiva de alta intención
Search | Auto Digital | Producto Always On,,,,,,,,,,,,,AD | Planes y Coberturas,,Enabled,Phrase,seguro auto responsabilidad civil,https://www9.acme.cl/corporate/web/ventadigital/cotizacionPlus/auto-digital/inicio,,,,,,,,,,,,,,,,,,,,,,,,,,,,,,,,,,,,,,,,,Keyword positiva de alta intención
Search | Auto Digital | Producto Always On,,,,,,,,,,,,,AD | Planes y Coberturas,,Enabled,Exact,seguro auto robo accesorios,https://www9.acme.cl/corporate/web/ventadigital/cotizacionPlus/auto-digital/inicio,,,,,,,,,,,,,,,,,,,,,,,,,,,,,,,,,,,,,,,,,Keyword positiva de alta intención
Search | Auto Digital | Producto Always On,,,,,,,,,,,,,AD | Planes y Coberturas,,Enabled,Phrase,seguro auto robo accesorios,https://www9.acme.cl/corporate/web/ventadigital/cotizacionPlus/auto-digital/inicio,,,,,,,,,,,,,,,,,,,,,,,,,,,,,,,,,,,,,,,,,Keyword positiva de alta intención
Search | Auto Digital | Producto Always On,,,,,,,,,,,,,AD | Planes y Coberturas,,Enabled,Exact,seguro auto con grua 24 7,https://www9.acme.cl/corporate/web/ventadigital/cotizacionPlus/auto-digital/inicio,,,,,,,,,,,,,,,,,,,,,,,,,,,,,,,,,,,,,,,,,Keyword positiva de alta intención
Search | Auto Digital | Producto Always On,,,,,,,,,,,,,AD | Planes y Coberturas,,Enabled,Phrase,seguro auto con grua 24 7,https://www9.acme.cl/corporate/web/ventadigital/cotizacionPlus/auto-digital/inicio,,,,,,,,,,,,,,,,,,,,,,,,,,,,,,,,,,,,,,,,,Keyword positiva de alta intención
Search | Auto Digital | Producto Always On,,,,,,,,,,,,,AD | Planes y Coberturas,,Enabled,Exact,seguro auto con auto reemplazo,https://www9.acme.cl/corporate/web/ventadigital/cotizacionPlus/auto-digital/inicio,,,,,,,,,,,,,,,,,,,,,,,,,,,,,,,,,,,,,,,,,Keyword positiva de alta intención
Search | Auto Digital | Producto Always On,,,,,,,,,,,,,AD | Planes y Coberturas,,Enabled,Phrase,seguro auto con auto reemplazo,https://www9.acme.cl/corporate/web/ventadigital/cotizacionPlus/auto-digital/inicio,,,,,,,,,,,,,,,,,,,,,,,,,,,,,,,,,,,,,,,,,Keyword positiva de alta intención
Search | Auto Digital | Promo 3 Cuotas,,,,,,,,,,,,,AD | Promo 3 Cuotas,,Enabled,Exact,seguro auto 3 cuotas gratis,https://www9.acme.cl/corporate/web/ventadigital/cotizacionPlus/auto-digital/inicio,,,,,,,,,,,,,,,,,,,,,,,,,,,,,,,,,,,,,,,,,Keyword positiva de alta intención
Search | Auto Digital | Promo 3 Cuotas,,,,,,,,,,,,,AD | Promo 3 Cuotas,,Enabled,Phrase,seguro auto 3 cuotas gratis,https://www9.acme.cl/corporate/web/ventadigital/cotizacionPlus/auto-digital/inicio,,,,,,,,,,,,,,,,,,,,,,,,,,,,,,,,,,,,,,,,,Keyword positiva de alta intención
Search | Auto Digital | Promo 3 Cuotas,,,,,,,,,,,,,AD | Promo 3 Cuotas,,Enabled,Exact,seguro automotriz 3 cuotas gratis,https://www9.acme.cl/corporate/web/ventadigital/cotizacionPlus/auto-digital/inicio,,,,,,,,,,,,,,,,,,,,,,,,,,,,,,,,,,,,,,,,,Keyword positiva de alta intención
Search | Auto Digital | Promo 3 Cuotas,,,,,,,,,,,,,AD | Promo 3 Cuotas,,Enabled,Phrase,seguro automotriz 3 cuotas gratis,https://www9.acme.cl/corporate/web/ventadigital/cotizacionPlus/auto-digital/inicio,,,,,,,,,,,,,,,,,,,,,,,,,,,,,,,,,,,,,,,,,Keyword positiva de alta intención
Search | Auto Digital | Promo 3 Cuotas,,,,,,,,,,,,,AD | Promo 3 Cuotas,,Enabled,Exact,acme 3 cuotas gratis seguro auto,https://www9.acme.cl/corporate/web/ventadigital/cotizacionPlus/auto-digital/inicio,,,,,,,,,,,,,,,,,,,,,,,,,,,,,,,,,,,,,,,,,Keyword positiva de alta intención
Search | Auto Digital | Promo 3 Cuotas,,,,,,,,,,,,,AD | Promo 3 Cuotas,,Enabled,Phrase,acme 3 cuotas gratis seguro auto,https://www9.acme.cl/corporate/web/ventadigital/cotizacionPlus/auto-digital/inicio,,,,,,,,,,,,,,,,,,,,,,,,,,,,,,,,,,,,,,,,,Keyword positiva de alta intención
Search | Auto Digital | Promo 3 Cuotas,,,,,,,,,,,,,AD | Promo 3 Cuotas,,Enabled,Exact,cotizar seguro auto 3 cuotas,https://www9.acme.cl/corporate/web/ventadigital/cotizacionPlus/auto-digital/inicio,,,,,,,,,,,,,,,,,,,,,,,,,,,,,,,,,,,,,,,,,Keyword positiva de alta intención
Search | Auto Digital | Promo 3 Cuotas,,,,,,,,,,,,,AD | Promo 3 Cuotas,,Enabled,Phrase,cotizar seguro auto 3 cuotas,https://www9.acme.cl/corporate/web/ventadigital/cotizacionPlus/auto-digital/inicio,,,,,,,,,,,,,,,,,,,,,,,,,,,,,,,,,,,,,,,,,Keyword positiva de alta intención
Search | Auto Digital | Producto Always On,,,,,,,,,,,,,,,,Campaign negative,soap,,,,,,,,,,,,,,,,,,,,,,,,,,,,,,,,,,,,,,,,,,Negativa amplia a nivel campaña
Search | Auto Digital | Producto Always On,,,,,,,,,,,,,,,,Campaign negative,seguro obligatorio,,,,,,,,,,,,,,,,,,,,,,,,,,,,,,,,,,,,,,,,,,Negativa amplia a nivel campaña
Search | Auto Digital | Producto Always On,,,,,,,,,,,,,,,,Campaign negative,seguro obligatorio automotriz,,,,,,,,,,,,,,,,,,,,,,,,,,,,,,,,,,,,,,,,,,Negativa amplia a nivel campaña
Search | Auto Digital | Producto Always On,,,,,,,,,,,,,,,,Campaign negative,seguro obligatorio accidentes personales,,,,,,,,,,,,,,,,,,,,,,,,,,,,,,,,,,,,,,,,,,Negativa amplia a nivel campaña
Search | Auto Digital | Producto Always On,,,,,,,,,,,,,,,,Campaign negative,comprar soap,,,,,,,,,,,,,,,,,,,,,,,,,,,,,,,,,,,,,,,,,,Negativa amplia a nivel campaña
Search | Auto Digital | Producto Always On,,,,,,,,,,,,,,,,Campaign negative,contratar soap,,,,,,,,,,,,,,,,,,,,,,,,,,,,,,,,,,,,,,,,,,Negativa amplia a nivel campaña
Search | Auto Digital | Producto Always On,,,,,,,,,,,,,,,,Campaign negative,cotizar soap,,,,,,,,,,,,,,,,,,,,,,,,,,,,,,,,,,,,,,,,,,Negativa amplia a nivel campaña
Search | Auto Digital | Producto Always On,,,,,,,,,,,,,,,,Campaign negative,renovar soap,,,,,,,,,,,,,,,,,,,,,,,,,,,,,,,,,,,,,,,,,,Negativa amplia a nivel campaña
Search | Auto Digital | Producto Always On,,,,,,,,,,,,,,,,Campaign negative,buscar soap,,,,,,,,,,,,,,,,,,,,,,,,,,,,,,,,,,,,,,,,,,Negativa amplia a nivel campaña
Search | Auto Digital | Producto Always On,,,,,,,,,,,,,,,,Campaign negative,descargar soap,,,,,,,,,,,,,,,,,,,,,,,,,,,,,,,,,,,,,,,,,,Negativa amplia a nivel campaña
Search | Auto Digital | Producto Always On,,,,,,,,,,,,,,,,Campaign negative,soap por patente,,,,,,,,,,,,,,,,,,,,,,,,,,,,,,,,,,,,,,,,,,Negativa amplia a nivel campaña
Search | Auto Digital | Producto Always On,,,,,,,,,,,,,,,,Campaign negative,soap por rut,,,,,,,,,,,,,,,,,,,,,,,,,,,,,,,,,,,,,,,,,,Negativa amplia a nivel campaña
Search | Auto Digital | Producto Always On,,,,,,,,,,,,,,,,Campaign negative,consultar soap,,,,,,,,,,,,,,,,,,,,,,,,,,,,,,,,,,,,,,,,,,Negativa amplia a nivel campaña
Search | Auto Digital | Producto Always On,,,,,,,,,,,,,,,,Campaign negative,certificado soap,,,,,,,,,,,,,,,,,,,,,,,,,,,,,,,,,,,,,,,,,,Negativa amplia a nivel campaña
Search | Auto Digital | Producto Always On,,,,,,,,,,,,,,,,Campaign negative,precio soap,,,,,,,,,,,,,,,,,,,,,,,,,,,,,,,,,,,,,,,,,,Negativa amplia a nivel campaña
Search | Auto Digital | Producto Always On,,,,,,,,,,,,,,,,Campaign negative,soap barato,,,,,,,,,,,,,,,,,,,,,,,,,,,,,,,,,,,,,,,,,,Negativa amplia a nivel campaña
Search | Auto Digital | Producto Always On,,,,,,,,,,,,,,,,Campaign negative,soap online,,,,,,,,,,,,,,,,,,,,,,,,,,,,,,,,,,,,,,,,,,Negativa amplia a nivel campaña
Search | Auto Digital | Producto Always On,,,,,,,,,,,,,,,,Campaign negative,soap moto,,,,,,,,,,,,,,,,,,,,,,,,,,,,,,,,,,,,,,,,,,Negativa amplia a nivel campaña
Search | Auto Digital | Producto Always On,,,,,,,,,,,,,,,,Campaign negative,soap auto,,,,,,,,,,,,,,,,,,,,,,,,,,,,,,,,,,,,,,,,,,Negativa amplia a nivel campaña
Search | Auto Digital | Producto Always On,,,,,,,,,,,,,,,,Campaign negative,soap vencimiento,,,,,,,,,,,,,,,,,,,,,,,,,,,,,,,,,,,,,,,,,,Negativa amplia a nivel campaña
Search | Auto Digital | Producto Always On,,,,,,,,,,,,,,,,Campaign negative,permiso de circulación,,,,,,,,,,,,,,,,,,,,,,,,,,,,,,,,,,,,,,,,,,Negativa amplia a nivel campaña
Search | Auto Digital | Producto Always On,,,,,,,,,,,,,,,,Campaign negative,revisión técnica,,,,,,,,,,,,,,,,,,,,,,,,,,,,,,,,,,,,,,,,,,Negativa amplia a nivel campaña
Search | Auto Digital | Producto Always On,,,,,,,,,,,,,,,,Campaign negative,padrón vehículo,,,,,,,,,,,,,,,,,,,,,,,,,,,,,,,,,,,,,,,,,,Negativa amplia a nivel campaña
Search | Auto Digital | Producto Always On,,,,,,,,,,,,,,,,Campaign negative,certificado de multas,,,,,,,,,,,,,,,,,,,,,,,,,,,,,,,,,,,,,,,,,,Negativa amplia a nivel campaña
Search | Auto Digital | Producto Always On,,,,,,,,,,,,,,,,Campaign negative,registro civil patente,,,,,,,,,,,,,,,,,,,,,,,,,,,,,,,,,,,,,,,,,,Negativa amplia a nivel campaña
Search | Auto Digital | Producto Always On,,,,,,,,,,,,,,,,Campaign negative,multas de tránsito,,,,,,,,,,,,,,,,,,,,,,,,,,,,,,,,,,,,,,,,,,Negativa amplia a nivel campaña
Search | Auto Digital | Producto Always On,,,,,,,,,,,,,,,,Campaign negative,pagar tag,,,,,,,,,,,,,,,,,,,,,,,,,,,,,,,,,,,,,,,,,,Negativa amplia a nivel campaña
Search | Auto Digital | Producto Always On,,,,,,,,,,,,,,,,Campaign negative,deuda tag,,,,,,,,,,,,,,,,,,,,,,,,,,,,,,,,,,,,,,,,,,Negativa amplia a nivel campaña
Search | Auto Digital | Producto Always On,,,,,,,,,,,,,,,,Campaign negative,licencia de conducir,,,,,,,,,,,,,,,,,,,,,,,,,,,,,,,,,,,,,,,,,,Negativa amplia a nivel campaña
Search | Auto Digital | Producto Always On,,,,,,,,,,,,,,,,Campaign negative,renovar licencia,,,,,,,,,,,,,,,,,,,,,,,,,,,,,,,,,,,,,,,,,,Negativa amplia a nivel campaña
Search | Auto Digital | Producto Always On,,,,,,,,,,,,,,,,Campaign negative,falabella,,,,,,,,,,,,,,,,,,,,,,,,,,,,,,,,,,,,,,,,,,Negativa amplia a nivel campaña
Search | Auto Digital | Producto Always On,,,,,,,,,,,,,,,,Campaign negative,sura,,,,,,,,,,,,,,,,,,,,,,,,,,,,,,,,,,,,,,,,,,Negativa amplia a nivel campaña
Search | Auto Digital | Producto Always On,,,,,,,,,,,,,,,,Campaign negative,bci,,,,,,,,,,,,,,,,,,,,,,,,,,,,,,,,,,,,,,,,,,Negativa amplia a nivel campaña
Search | Auto Digital | Producto Always On,,,,,,,,,,,,,,,,Campaign negative,hdi,,,,,,,,,,,,,,,,,,,,,,,,,,,,,,,,,,,,,,,,,,Negativa amplia a nivel campaña
Search | Auto Digital | Producto Always On,,,,,,,,,,,,,,,,Campaign negative,consorcio,,,,,,,,,,,,,,,,,,,,,,,,,,,,,,,,,,,,,,,,,,Negativa amplia a nivel campaña
Search | Auto Digital | Producto Always On,,,,,,,,,,,,,,,,Campaign negative,mapfre,,,,,,,,,,,,,,,,,,,,,,,,,,,,,,,,,,,,,,,,,,Negativa amplia a nivel campaña
Search | Auto Digital | Producto Always On,,,,,,,,,,,,,,,,Campaign negative,zenit,,,,,,,,,,,,,,,,,,,,,,,,,,,,,,,,,,,,,,,,,,Negativa amplia a nivel campaña
Search | Auto Digital | Producto Always On,,,,,,,,,,,,,,,,Campaign negative,reale,,,,,,,,,,,,,,,,,,,,,,,,,,,,,,,,,,,,,,,,,,Negativa amplia a nivel campaña
Search | Auto Digital | Producto Always On,,,,,,,,,,,,,,,,Campaign negative,liberty,,,,,,,,,,,,,,,,,,,,,,,,,,,,,,,,,,,,,,,,,,Negativa amplia a nivel campaña
Search | Auto Digital | Producto Always On,,,,,,,,,,,,,,,,Campaign negative,cardif,,,,,,,,,,,,,,,,,,,,,,,,,,,,,,,,,,,,,,,,,,Negativa amplia a nivel campaña
Search | Auto Digital | Producto Always On,,,,,,,,,,,,,,,,Campaign negative,fid,,,,,,,,,,,,,,,,,,,,,,,,,,,,,,,,,,,,,,,,,,Negativa amplia a nivel campaña
Search | Auto Digital | Producto Always On,,,,,,,,,,,,,,,,Campaign negative,santander,,,,,,,,,,,,,,,,,,,,,,,,,,,,,,,,,,,,,,,,,,Negativa amplia a nivel campaña
Search | Auto Digital | Producto Always On,,,,,,,,,,,,,,,,Campaign negative,bancoestado,,,,,,,,,,,,,,,,,,,,,,,,,,,,,,,,,,,,,,,,,,Negativa amplia a nivel campaña
Search | Auto Digital | Producto Always On,,,,,,,,,,,,,,,,Campaign negative,ripley,,,,,,,,,,,,,,,,,,,,,,,,,,,,,,,,,,,,,,,,,,Negativa amplia a nivel campaña
Search | Auto Digital | Producto Always On,,,,,,,,,,,,,,,,Campaign negative,scotiabank,,,,,,,,,,,,,,,,,,,,,,,,,,,,,,,,,,,,,,,,,,Negativa amplia a nivel campaña
Search | Auto Digital | Producto Always On,,,,,,,,,,,,,,,,Campaign negative,comparaonline,,,,,,,,,,,,,,,,,,,,,,,,,,,,,,,,,,,,,,,,,,Negativa amplia a nivel campaña
Search | Auto Digital | Producto Always On,,,,,,,,,,,,,,,,Campaign negative,queplan,,,,,,,,,,,,,,,,,,,,,,,,,,,,,,,,,,,,,,,,,,Negativa amplia a nivel campaña
Search | Auto Digital | Producto Always On,,,,,,,,,,,,,,,,Campaign negative,soap bomberos,,,,,,,,,,,,,,,,,,,,,,,,,,,,,,,,,,,,,,,,,,Negativa amplia a nivel campaña
Search | Auto Digital | Producto Always On,,,,,,,,,,,,,,,,Campaign negative,denunciar siniestro,,,,,,,,,,,,,,,,,,,,,,,,,,,,,,,,,,,,,,,,,,Negativa amplia a nivel campaña
Search | Auto Digital | Producto Always On,,,,,,,,,,,,,,,,Campaign negative,reportar siniestro,,,,,,,,,,,,,,,,,,,,,,,,,,,,,,,,,,,,,,,,,,Negativa amplia a nivel campaña
Search | Auto Digital | Producto Always On,,,,,,,,,,,,,,,,Campaign negative,estado siniestro,,,,,,,,,,,,,,,,,,,,,,,,,,,,,,,,,,,,,,,,,,Negativa amplia a nivel campaña
Search | Auto Digital | Producto Always On,,,,,,,,,,,,,,,,Campaign negative,seguimiento siniestro,,,,,,,,,,,,,,,,,,,,,,,,,,,,,,,,,,,,,,,,,,Negativa amplia a nivel campaña
Search | Auto Digital | Producto Always On,,,,,,,,,,,,,,,,Campaign negative,liquidación siniestro,,,,,,,,,,,,,,,,,,,,,,,,,,,,,,,,,,,,,,,,,,Negativa amplia a nivel campaña
Search | Auto Digital | Producto Always On,,,,,,,,,,,,,,,,Campaign negative,número de siniestro,,,,,,,,,,,,,,,,,,,,,,,,,,,,,,,,,,,,,,,,,,Negativa amplia a nivel campaña
Search | Auto Digital | Producto Always On,,,,,,,,,,,,,,,,Campaign negative,reembolso seguro,,,,,,,,,,,,,,,,,,,,,,,,,,,,,,,,,,,,,,,,,,Negativa amplia a nivel campaña
Search | Auto Digital | Producto Always On,,,,,,,,,,,,,,,,Campaign negative,indemnización pendiente,,,,,,,,,,,,,,,,,,,,,,,,,,,,,,,,,,,,,,,,,,Negativa amplia a nivel campaña
Search | Auto Digital | Producto Always On,,,,,,,,,,,,,,,,Campaign negative,pago de póliza,,,,,,,,,,,,,,,,,,,,,,,,,,,,,,,,,,,,,,,,,,Negativa amplia a nivel campaña
Search | Auto Digital | Producto Always On,,,,,,,,,,,,,,,,Campaign negative,pagar seguro,,,,,,,,,,,,,,,,,,,,,,,,,,,,,,,,,,,,,,,,,,Negativa amplia a nivel campaña
Search | Auto Digital | Producto Always On,,,,,,,,,,,,,,,,Campaign negative,anular seguro,,,,,,,,,,,,,,,,,,,,,,,,,,,,,,,,,,,,,,,,,,Negativa amplia a nivel campaña
Search | Auto Digital | Producto Always On,,,,,,,,,,,,,,,,Campaign negative,cancelar seguro,,,,,,,,,,,,,,,,,,,,,,,,,,,,,,,,,,,,,,,,,,Negativa amplia a nivel campaña
Search | Auto Digital | Producto Always On,,,,,,,,,,,,,,,,Campaign negative,dar de baja seguro,,,,,,,,,,,,,,,,,,,,,,,,,,,,,,,,,,,,,,,,,,Negativa amplia a nivel campaña
Search | Auto Digital | Producto Always On,,,,,,,,,,,,,,,,Campaign negative,terminar seguro,,,,,,,,,,,,,,,,,,,,,,,,,,,,,,,,,,,,,,,,,,Negativa amplia a nivel campaña
Search | Auto Digital | Producto Always On,,,,,,,,,,,,,,,,Campaign negative,portal clientes,,,,,,,,,,,,,,,,,,,,,,,,,,,,,,,,,,,,,,,,,,Negativa amplia a nivel campaña
Search | Auto Digital | Producto Always On,,,,,,,,,,,,,,,,Campaign negative,mi póliza,,,,,,,,,,,,,,,,,,,,,,,,,,,,,,,,,,,,,,,,,,Negativa amplia a nivel campaña
Search | Auto Digital | Producto Always On,,,,,,,,,,,,,,,,Campaign negative,descargar póliza,,,,,,,,,,,,,,,,,,,,,,,,,,,,,,,,,,,,,,,,,,Negativa amplia a nivel campaña
Search | Auto Digital | Producto Always On,,,,,,,,,,,,,,,,Campaign negative,duplicado póliza,,,,,,,,,,,,,,,,,,,,,,,,,,,,,,,,,,,,,,,,,,Negativa amplia a nivel campaña
Search | Auto Digital | Producto Always On,,,,,,,,,,,,,,,,Campaign negative,certificado de cobertura,,,,,,,,,,,,,,,,,,,,,,,,,,,,,,,,,,,,,,,,,,Negativa amplia a nivel campaña
Search | Auto Digital | Producto Always On,,,,,,,,,,,,,,,,Campaign negative,renovación póliza,,,,,,,,,,,,,,,,,,,,,,,,,,,,,,,,,,,,,,,,,,Negativa amplia a nivel campaña
Search | Auto Digital | Producto Always On,,,,,,,,,,,,,,,,Campaign negative,trabajo,,,,,,,,,,,,,,,,,,,,,,,,,,,,,,,,,,,,,,,,,,Negativa amplia a nivel campaña
Search | Auto Digital | Producto Always On,,,,,,,,,,,,,,,,Campaign negative,empleo,,,,,,,,,,,,,,,,,,,,,,,,,,,,,,,,,,,,,,,,,,Negativa amplia a nivel campaña
Search | Auto Digital | Producto Always On,,,,,,,,,,,,,,,,Campaign negative,vacantes,,,,,,,,,,,,,,,,,,,,,,,,,,,,,,,,,,,,,,,,,,Negativa amplia a nivel campaña
Search | Auto Digital | Producto Always On,,,,,,,,,,,,,,,,Campaign negative,sueldo,,,,,,,,,,,,,,,,,,,,,,,,,,,,,,,,,,,,,,,,,,Negativa amplia a nivel campaña
Search | Auto Digital | Producto Always On,,,,,,,,,,,,,,,,Campaign negative,práctica,,,,,,,,,,,,,,,,,,,,,,,,,,,,,,,,,,,,,,,,,,Negativa amplia a nivel campaña
Search | Auto Digital | Producto Always On,,,,,,,,,,,,,,,,Campaign negative,pasantía,,,,,,,,,,,,,,,,,,,,,,,,,,,,,,,,,,,,,,,,,,Negativa amplia a nivel campaña
Search | Auto Digital | Producto Always On,,,,,,,,,,,,,,,,Campaign negative,curriculum,,,,,,,,,,,,,,,,,,,,,,,,,,,,,,,,,,,,,,,,,,Negativa amplia a nivel campaña
Search | Auto Digital | Producto Always On,,,,,,,,,,,,,,,,Campaign negative,cv,,,,,,,,,,,,,,,,,,,,,,,,,,,,,,,,,,,,,,,,,,Negativa amplia a nivel campaña
Search | Auto Digital | Producto Always On,,,,,,,,,,,,,,,,Campaign negative,qué es un seguro,,,,,,,,,,,,,,,,,,,,,,,,,,,,,,,,,,,,,,,,,,Negativa amplia a nivel campaña
Search | Auto Digital | Producto Always On,,,,,,,,,,,,,,,,Campaign negative,definición seguro,,,,,,,,,,,,,,,,,,,,,,,,,,,,,,,,,,,,,,,,,,Negativa amplia a nivel campaña
Search | Auto Digital | Producto Always On,,,,,,,,,,,,,,,,Campaign negative,ley de seguros,,,,,,,,,,,,,,,,,,,,,,,,,,,,,,,,,,,,,,,,,,Negativa amplia a nivel campaña
Search | Auto Digital | Producto Always On,,,,,,,,,,,,,,,,Campaign negative,normativa seguros,,,,,,,,,,,,,,,,,,,,,,,,,,,,,,,,,,,,,,,,,,Negativa amplia a nivel campaña
Search | Auto Digital | Producto Always On,,,,,,,,,,,,,,,,Campaign negative,cmf seguros,,,,,,,,,,,,,,,,,,,,,,,,,,,,,,,,,,,,,,,,,,Negativa amplia a nivel campaña
Search | Auto Digital | Producto Always On,,,,,,,,,,,,,,,,Campaign negative,curso de seguros,,,,,,,,,,,,,,,,,,,,,,,,,,,,,,,,,,,,,,,,,,Negativa amplia a nivel campaña
Search | Auto Digital | Producto Always On,,,,,,,,,,,,,,,,Campaign negative,tesis seguros,,,,,,,,,,,,,,,,,,,,,,,,,,,,,,,,,,,,,,,,,,Negativa amplia a nivel campaña
Search | Auto Digital | Producto Always On,,,,,,,,,,,,,,,,Campaign negative,tarea seguros,,,,,,,,,,,,,,,,,,,,,,,,,,,,,,,,,,,,,,,,,,Negativa amplia a nivel campaña
Search | Auto Digital | Producto Always On,,,,,,,,,,,,,,,,Campaign negative,pdf seguros,,,,,,,,,,,,,,,,,,,,,,,,,,,,,,,,,,,,,,,,,,Negativa amplia a nivel campaña
Search | Auto Digital | Producto Always On,,,,,,,,,,,,,,,,Campaign negative,ejemplo póliza,,,,,,,,,,,,,,,,,,,,,,,,,,,,,,,,,,,,,,,,,,Negativa amplia a nivel campaña
Search | Auto Digital | Producto Always On,,,,,,,,,,,,,,,,Campaign negative,modelo de póliza,,,,,,,,,,,,,,,,,,,,,,,,,,,,,,,,,,,,,,,,,,Negativa amplia a nivel campaña
Search | Auto Digital | Producto Always On,,,,,,,,,,,,,,,,Campaign negative,hogar,,,,,,,,,,,,,,,,,,,,,,,,,,,,,,,,,,,,,,,,,,Negativa amplia a nivel campaña
Search | Auto Digital | Producto Always On,,,,,,,,,,,,,,,,Campaign negative,vida,,,,,,,,,,,,,,,,,,,,,,,,,,,,,,,,,,,,,,,,,,Negativa amplia a nivel campaña
Search | Auto Digital | Producto Always On,,,,,,,,,,,,,,,,Campaign negative,salud,,,,,,,,,,,,,,,,,,,,,,,,,,,,,,,,,,,,,,,,,,Negativa amplia a nivel campaña
Search | Auto Digital | Producto Always On,,,,,,,,,,,,,,,,Campaign negative,viaje,,,,,,,,,,,,,,,,,,,,,,,,,,,,,,,,,,,,,,,,,,Negativa amplia a nivel campaña
Search | Auto Digital | Producto Always On,,,,,,,,,,,,,,,,Campaign negative,mascota,,,,,,,,,,,,,,,,,,,,,,,,,,,,,,,,,,,,,,,,,,Negativa amplia a nivel campaña
Search | Auto Digital | Producto Always On,,,,,,,,,,,,,,,,Campaign negative,celular,,,,,,,,,,,,,,,,,,,,,,,,,,,,,,,,,,,,,,,,,,Negativa amplia a nivel campaña
Search | Auto Digital | Producto Always On,,,,,,,,,,,,,,,,Campaign negative,cesantía,,,,,,,,,,,,,,,,,,,,,,,,,,,,,,,,,,,,,,,,,,Negativa amplia a nivel campaña
Search | Auto Digital | Producto Always On,,,,,,,,,,,,,,,,Campaign negative,dental,,,,,,,,,,,,,,,,,,,,,,,,,,,,,,,,,,,,,,,,,,Negativa amplia a nivel campaña
Search | Auto Digital | Producto Always On,,,,,,,,,,,,,,,,Campaign negative,incendio,,,,,,,,,,,,,,,,,,,,,,,,,,,,,,,,,,,,,,,,,,Negativa amplia a nivel campaña
Search | Auto Digital | Producto Always On,,,,,,,,,,,,,,,,Campaign negative,escolar,,,,,,,,,,,,,,,,,,,,,,,,,,,,,,,,,,,,,,,,,,Negativa amplia a nivel campaña
Search | Auto Digital | Producto Always On,,,,,,,,,,,,,,,,Campaign negative,comprar auto,,,,,,,,,,,,,,,,,,,,,,,,,,,,,,,,,,,,,,,,,,Negativa amplia a nivel campaña
Search | Auto Digital | Producto Always On,,,,,,,,,,,,,,,,Campaign negative,vender auto,,,,,,,,,,,,,,,,,,,,,,,,,,,,,,,,,,,,,,,,,,Negativa amplia a nivel campaña
Search | Auto Digital | Producto Always On,,,,,,,,,,,,,,,,Campaign negative,venta de autos,,,,,,,,,,,,,,,,,,,,,,,,,,,,,,,,,,,,,,,,,,Negativa amplia a nivel campaña
Search | Auto Digital | Producto Always On,,,,,,,,,,,,,,,,Campaign negative,arriendo de autos,,,,,,,,,,,,,,,,,,,,,,,,,,,,,,,,,,,,,,,,,,Negativa amplia a nivel campaña
Search | Auto Digital | Producto Always On,,,,,,,,,,,,,,,,Campaign negative,rent a car,,,,,,,,,,,,,,,,,,,,,,,,,,,,,,,,,,,,,,,,,,Negativa amplia a nivel campaña
Search | Auto Digital | Producto Always On,,,,,,,,,,,,,,,,Campaign negative,crédito automotriz,,,,,,,,,,,,,,,,,,,,,,,,,,,,,,,,,,,,,,,,,,Negativa amplia a nivel campaña
Search | Auto Digital | Producto Always On,,,,,,,,,,,,,,,,Campaign negative,leasing automotriz,,,,,,,,,,,,,,,,,,,,,,,,,,,,,,,,,,,,,,,,,,Negativa amplia a nivel campaña
Search | Auto Digital | Producto Always On,,,,,,,,,,,,,,,,Campaign negative,repuestos auto,,,,,,,,,,,,,,,,,,,,,,,,,,,,,,,,,,,,,,,,,,Negativa amplia a nivel campaña
Search | Auto Digital | Producto Always On,,,,,,,,,,,,,,,,Campaign negative,taller mecánico,,,,,,,,,,,,,,,,,,,,,,,,,,,,,,,,,,,,,,,,,,Negativa amplia a nivel campaña
Search | Auto Digital | Producto Always On,,,,,,,,,,,,,,,,Campaign negative,mecánico a domicilio,,,,,,,,,,,,,,,,,,,,,,,,,,,,,,,,,,,,,,,,,,Negativa amplia a nivel campaña
Search | Auto Digital | Producto Always On,,,,,,,,,,,,,,,,Campaign negative,lavado de autos,,,,,,,,,,,,,,,,,,,,,,,,,,,,,,,,,,,,,,,,,,Negativa amplia a nivel campaña
Search | Auto Digital | Producto Always On,,,,,,,,,,,,,,,,Campaign negative,desabolladura y pintura,,,,,,,,,,,,,,,,,,,,,,,,,,,,,,,,,,,,,,,,,,Negativa amplia a nivel campaña
Search | Auto Digital | Promo 3 Cuotas,,,,,,,,,,,,,,,,Campaign negative,soap,,,,,,,,,,,,,,,,,,,,,,,,,,,,,,,,,,,,,,,,,,Negativa amplia a nivel campaña
Search | Auto Digital | Promo 3 Cuotas,,,,,,,,,,,,,,,,Campaign negative,seguro obligatorio,,,,,,,,,,,,,,,,,,,,,,,,,,,,,,,,,,,,,,,,,,Negativa amplia a nivel campaña
Search | Auto Digital | Promo 3 Cuotas,,,,,,,,,,,,,,,,Campaign negative,seguro obligatorio automotriz,,,,,,,,,,,,,,,,,,,,,,,,,,,,,,,,,,,,,,,,,,Negativa amplia a nivel campaña
Search | Auto Digital | Promo 3 Cuotas,,,,,,,,,,,,,,,,Campaign negative,seguro obligatorio accidentes personales,,,,,,,,,,,,,,,,,,,,,,,,,,,,,,,,,,,,,,,,,,Negativa amplia a nivel campaña
Search | Auto Digital | Promo 3 Cuotas,,,,,,,,,,,,,,,,Campaign negative,comprar soap,,,,,,,,,,,,,,,,,,,,,,,,,,,,,,,,,,,,,,,,,,Negativa amplia a nivel campaña
Search | Auto Digital | Promo 3 Cuotas,,,,,,,,,,,,,,,,Campaign negative,contratar soap,,,,,,,,,,,,,,,,,,,,,,,,,,,,,,,,,,,,,,,,,,Negativa amplia a nivel campaña
Search | Auto Digital | Promo 3 Cuotas,,,,,,,,,,,,,,,,Campaign negative,cotizar soap,,,,,,,,,,,,,,,,,,,,,,,,,,,,,,,,,,,,,,,,,,Negativa amplia a nivel campaña
Search | Auto Digital | Promo 3 Cuotas,,,,,,,,,,,,,,,,Campaign negative,renovar soap,,,,,,,,,,,,,,,,,,,,,,,,,,,,,,,,,,,,,,,,,,Negativa amplia a nivel campaña
Search | Auto Digital | Promo 3 Cuotas,,,,,,,,,,,,,,,,Campaign negative,buscar soap,,,,,,,,,,,,,,,,,,,,,,,,,,,,,,,,,,,,,,,,,,Negativa amplia a nivel campaña
Search | Auto Digital | Promo 3 Cuotas,,,,,,,,,,,,,,,,Campaign negative,descargar soap,,,,,,,,,,,,,,,,,,,,,,,,,,,,,,,,,,,,,,,,,,Negativa amplia a nivel campaña
Search | Auto Digital | Promo 3 Cuotas,,,,,,,,,,,,,,,,Campaign negative,soap por patente,,,,,,,,,,,,,,,,,,,,,,,,,,,,,,,,,,,,,,,,,,Negativa amplia a nivel campaña
Search | Auto Digital | Promo 3 Cuotas,,,,,,,,,,,,,,,,Campaign negative,soap por rut,,,,,,,,,,,,,,,,,,,,,,,,,,,,,,,,,,,,,,,,,,Negativa amplia a nivel campaña
Search | Auto Digital | Promo 3 Cuotas,,,,,,,,,,,,,,,,Campaign negative,consultar soap,,,,,,,,,,,,,,,,,,,,,,,,,,,,,,,,,,,,,,,,,,Negativa amplia a nivel campaña
Search | Auto Digital | Promo 3 Cuotas,,,,,,,,,,,,,,,,Campaign negative,certificado soap,,,,,,,,,,,,,,,,,,,,,,,,,,,,,,,,,,,,,,,,,,Negativa amplia a nivel campaña
Search | Auto Digital | Promo 3 Cuotas,,,,,,,,,,,,,,,,Campaign negative,precio soap,,,,,,,,,,,,,,,,,,,,,,,,,,,,,,,,,,,,,,,,,,Negativa amplia a nivel campaña
Search | Auto Digital | Promo 3 Cuotas,,,,,,,,,,,,,,,,Campaign negative,soap barato,,,,,,,,,,,,,,,,,,,,,,,,,,,,,,,,,,,,,,,,,,Negativa amplia a nivel campaña
Search | Auto Digital | Promo 3 Cuotas,,,,,,,,,,,,,,,,Campaign negative,soap online,,,,,,,,,,,,,,,,,,,,,,,,,,,,,,,,,,,,,,,,,,Negativa amplia a nivel campaña
Search | Auto Digital | Promo 3 Cuotas,,,,,,,,,,,,,,,,Campaign negative,soap moto,,,,,,,,,,,,,,,,,,,,,,,,,,,,,,,,,,,,,,,,,,Negativa amplia a nivel campaña
Search | Auto Digital | Promo 3 Cuotas,,,,,,,,,,,,,,,,Campaign negative,soap auto,,,,,,,,,,,,,,,,,,,,,,,,,,,,,,,,,,,,,,,,,,Negativa amplia a nivel campaña
Search | Auto Digital | Promo 3 Cuotas,,,,,,,,,,,,,,,,Campaign negative,soap vencimiento,,,,,,,,,,,,,,,,,,,,,,,,,,,,,,,,,,,,,,,,,,Negativa amplia a nivel campaña
Search | Auto Digital | Promo 3 Cuotas,,,,,,,,,,,,,,,,Campaign negative,permiso de circulación,,,,,,,,,,,,,,,,,,,,,,,,,,,,,,,,,,,,,,,,,,Negativa amplia a nivel campaña
Search | Auto Digital | Promo 3 Cuotas,,,,,,,,,,,,,,,,Campaign negative,revisión técnica,,,,,,,,,,,,,,,,,,,,,,,,,,,,,,,,,,,,,,,,,,Negativa amplia a nivel campaña
Search | Auto Digital | Promo 3 Cuotas,,,,,,,,,,,,,,,,Campaign negative,padrón vehículo,,,,,,,,,,,,,,,,,,,,,,,,,,,,,,,,,,,,,,,,,,Negativa amplia a nivel campaña
Search | Auto Digital | Promo 3 Cuotas,,,,,,,,,,,,,,,,Campaign negative,certificado de multas,,,,,,,,,,,,,,,,,,,,,,,,,,,,,,,,,,,,,,,,,,Negativa amplia a nivel campaña
Search | Auto Digital | Promo 3 Cuotas,,,,,,,,,,,,,,,,Campaign negative,registro civil patente,,,,,,,,,,,,,,,,,,,,,,,,,,,,,,,,,,,,,,,,,,Negativa amplia a nivel campaña
Search | Auto Digital | Promo 3 Cuotas,,,,,,,,,,,,,,,,Campaign negative,multas de tránsito,,,,,,,,,,,,,,,,,,,,,,,,,,,,,,,,,,,,,,,,,,Negativa amplia a nivel campaña
Search | Auto Digital | Promo 3 Cuotas,,,,,,,,,,,,,,,,Campaign negative,pagar tag,,,,,,,,,,,,,,,,,,,,,,,,,,,,,,,,,,,,,,,,,,Negativa amplia a nivel campaña
Search | Auto Digital | Promo 3 Cuotas,,,,,,,,,,,,,,,,Campaign negative,deuda tag,,,,,,,,,,,,,,,,,,,,,,,,,,,,,,,,,,,,,,,,,,Negativa amplia a nivel campaña
Search | Auto Digital | Promo 3 Cuotas,,,,,,,,,,,,,,,,Campaign negative,licencia de conducir,,,,,,,,,,,,,,,,,,,,,,,,,,,,,,,,,,,,,,,,,,Negativa amplia a nivel campaña
Search | Auto Digital | Promo 3 Cuotas,,,,,,,,,,,,,,,,Campaign negative,renovar licencia,,,,,,,,,,,,,,,,,,,,,,,,,,,,,,,,,,,,,,,,,,Negativa amplia a nivel campaña
Search | Auto Digital | Promo 3 Cuotas,,,,,,,,,,,,,,,,Campaign negative,falabella,,,,,,,,,,,,,,,,,,,,,,,,,,,,,,,,,,,,,,,,,,Negativa amplia a nivel campaña
Search | Auto Digital | Promo 3 Cuotas,,,,,,,,,,,,,,,,Campaign negative,sura,,,,,,,,,,,,,,,,,,,,,,,,,,,,,,,,,,,,,,,,,,Negativa amplia a nivel campaña
Search | Auto Digital | Promo 3 Cuotas,,,,,,,,,,,,,,,,Campaign negative,bci,,,,,,,,,,,,,,,,,,,,,,,,,,,,,,,,,,,,,,,,,,Negativa amplia a nivel campaña
Search | Auto Digital | Promo 3 Cuotas,,,,,,,,,,,,,,,,Campaign negative,hdi,,,,,,,,,,,,,,,,,,,,,,,,,,,,,,,,,,,,,,,,,,Negativa amplia a nivel campaña
Search | Auto Digital | Promo 3 Cuotas,,,,,,,,,,,,,,,,Campaign negative,consorcio,,,,,,,,,,,,,,,,,,,,,,,,,,,,,,,,,,,,,,,,,,Negativa amplia a nivel campaña
Search | Auto Digital | Promo 3 Cuotas,,,,,,,,,,,,,,,,Campaign negative,mapfre,,,,,,,,,,,,,,,,,,,,,,,,,,,,,,,,,,,,,,,,,,Negativa amplia a nivel campaña
Search | Auto Digital | Promo 3 Cuotas,,,,,,,,,,,,,,,,Campaign negative,zenit,,,,,,,,,,,,,,,,,,,,,,,,,,,,,,,,,,,,,,,,,,Negativa amplia a nivel campaña
Search | Auto Digital | Promo 3 Cuotas,,,,,,,,,,,,,,,,Campaign negative,reale,,,,,,,,,,,,,,,,,,,,,,,,,,,,,,,,,,,,,,,,,,Negativa amplia a nivel campaña
Search | Auto Digital | Promo 3 Cuotas,,,,,,,,,,,,,,,,Campaign negative,liberty,,,,,,,,,,,,,,,,,,,,,,,,,,,,,,,,,,,,,,,,,,Negativa amplia a nivel campaña
Search | Auto Digital | Promo 3 Cuotas,,,,,,,,,,,,,,,,Campaign negative,cardif,,,,,,,,,,,,,,,,,,,,,,,,,,,,,,,,,,,,,,,,,,Negativa amplia a nivel campaña
Search | Auto Digital | Promo 3 Cuotas,,,,,,,,,,,,,,,,Campaign negative,fid,,,,,,,,,,,,,,,,,,,,,,,,,,,,,,,,,,,,,,,,,,Negativa amplia a nivel campaña
Search | Auto Digital | Promo 3 Cuotas,,,,,,,,,,,,,,,,Campaign negative,santander,,,,,,,,,,,,,,,,,,,,,,,,,,,,,,,,,,,,,,,,,,Negativa amplia a nivel campaña
Search | Auto Digital | Promo 3 Cuotas,,,,,,,,,,,,,,,,Campaign negative,bancoestado,,,,,,,,,,,,,,,,,,,,,,,,,,,,,,,,,,,,,,,,,,Negativa amplia a nivel campaña
Search | Auto Digital | Promo 3 Cuotas,,,,,,,,,,,,,,,,Campaign negative,ripley,,,,,,,,,,,,,,,,,,,,,,,,,,,,,,,,,,,,,,,,,,Negativa amplia a nivel campaña
Search | Auto Digital | Promo 3 Cuotas,,,,,,,,,,,,,,,,Campaign negative,scotiabank,,,,,,,,,,,,,,,,,,,,,,,,,,,,,,,,,,,,,,,,,,Negativa amplia a nivel campaña
Search | Auto Digital | Promo 3 Cuotas,,,,,,,,,,,,,,,,Campaign negative,comparaonline,,,,,,,,,,,,,,,,,,,,,,,,,,,,,,,,,,,,,,,,,,Negativa amplia a nivel campaña
Search | Auto Digital | Promo 3 Cuotas,,,,,,,,,,,,,,,,Campaign negative,queplan,,,,,,,,,,,,,,,,,,,,,,,,,,,,,,,,,,,,,,,,,,Negativa amplia a nivel campaña
Search | Auto Digital | Promo 3 Cuotas,,,,,,,,,,,,,,,,Campaign negative,soap bomberos,,,,,,,,,,,,,,,,,,,,,,,,,,,,,,,,,,,,,,,,,,Negativa amplia a nivel campaña
Search | Auto Digital | Promo 3 Cuotas,,,,,,,,,,,,,,,,Campaign negative,denunciar siniestro,,,,,,,,,,,,,,,,,,,,,,,,,,,,,,,,,,,,,,,,,,Negativa amplia a nivel campaña
Search | Auto Digital | Promo 3 Cuotas,,,,,,,,,,,,,,,,Campaign negative,reportar siniestro,,,,,,,,,,,,,,,,,,,,,,,,,,,,,,,,,,,,,,,,,,Negativa amplia a nivel campaña
Search | Auto Digital | Promo 3 Cuotas,,,,,,,,,,,,,,,,Campaign negative,estado siniestro,,,,,,,,,,,,,,,,,,,,,,,,,,,,,,,,,,,,,,,,,,Negativa amplia a nivel campaña
Search | Auto Digital | Promo 3 Cuotas,,,,,,,,,,,,,,,,Campaign negative,seguimiento siniestro,,,,,,,,,,,,,,,,,,,,,,,,,,,,,,,,,,,,,,,,,,Negativa amplia a nivel campaña
Search | Auto Digital | Promo 3 Cuotas,,,,,,,,,,,,,,,,Campaign negative,liquidación siniestro,,,,,,,,,,,,,,,,,,,,,,,,,,,,,,,,,,,,,,,,,,Negativa amplia a nivel campaña
Search | Auto Digital | Promo 3 Cuotas,,,,,,,,,,,,,,,,Campaign negative,número de siniestro,,,,,,,,,,,,,,,,,,,,,,,,,,,,,,,,,,,,,,,,,,Negativa amplia a nivel campaña
Search | Auto Digital | Promo 3 Cuotas,,,,,,,,,,,,,,,,Campaign negative,reembolso seguro,,,,,,,,,,,,,,,,,,,,,,,,,,,,,,,,,,,,,,,,,,Negativa amplia a nivel campaña
Search | Auto Digital | Promo 3 Cuotas,,,,,,,,,,,,,,,,Campaign negative,indemnización pendiente,,,,,,,,,,,,,,,,,,,,,,,,,,,,,,,,,,,,,,,,,,Negativa amplia a nivel campaña
Search | Auto Digital | Promo 3 Cuotas,,,,,,,,,,,,,,,,Campaign negative,pago de póliza,,,,,,,,,,,,,,,,,,,,,,,,,,,,,,,,,,,,,,,,,,Negativa amplia a nivel campaña
Search | Auto Digital | Promo 3 Cuotas,,,,,,,,,,,,,,,,Campaign negative,pagar seguro,,,,,,,,,,,,,,,,,,,,,,,,,,,,,,,,,,,,,,,,,,Negativa amplia a nivel campaña
Search | Auto Digital | Promo 3 Cuotas,,,,,,,,,,,,,,,,Campaign negative,anular seguro,,,,,,,,,,,,,,,,,,,,,,,,,,,,,,,,,,,,,,,,,,Negativa amplia a nivel campaña
Search | Auto Digital | Promo 3 Cuotas,,,,,,,,,,,,,,,,Campaign negative,cancelar seguro,,,,,,,,,,,,,,,,,,,,,,,,,,,,,,,,,,,,,,,,,,Negativa amplia a nivel campaña
Search | Auto Digital | Promo 3 Cuotas,,,,,,,,,,,,,,,,Campaign negative,dar de baja seguro,,,,,,,,,,,,,,,,,,,,,,,,,,,,,,,,,,,,,,,,,,Negativa amplia a nivel campaña
Search | Auto Digital | Promo 3 Cuotas,,,,,,,,,,,,,,,,Campaign negative,terminar seguro,,,,,,,,,,,,,,,,,,,,,,,,,,,,,,,,,,,,,,,,,,Negativa amplia a nivel campaña
Search | Auto Digital | Promo 3 Cuotas,,,,,,,,,,,,,,,,Campaign negative,portal clientes,,,,,,,,,,,,,,,,,,,,,,,,,,,,,,,,,,,,,,,,,,Negativa amplia a nivel campaña
Search | Auto Digital | Promo 3 Cuotas,,,,,,,,,,,,,,,,Campaign negative,mi póliza,,,,,,,,,,,,,,,,,,,,,,,,,,,,,,,,,,,,,,,,,,Negativa amplia a nivel campaña
Search | Auto Digital | Promo 3 Cuotas,,,,,,,,,,,,,,,,Campaign negative,descargar póliza,,,,,,,,,,,,,,,,,,,,,,,,,,,,,,,,,,,,,,,,,,Negativa amplia a nivel campaña
Search | Auto Digital | Promo 3 Cuotas,,,,,,,,,,,,,,,,Campaign negative,duplicado póliza,,,,,,,,,,,,,,,,,,,,,,,,,,,,,,,,,,,,,,,,,,Negativa amplia a nivel campaña
Search | Auto Digital | Promo 3 Cuotas,,,,,,,,,,,,,,,,Campaign negative,certificado de cobertura,,,,,,,,,,,,,,,,,,,,,,,,,,,,,,,,,,,,,,,,,,Negativa amplia a nivel campaña
Search | Auto Digital | Promo 3 Cuotas,,,,,,,,,,,,,,,,Campaign negative,renovación póliza,,,,,,,,,,,,,,,,,,,,,,,,,,,,,,,,,,,,,,,,,,Negativa amplia a nivel campaña
Search | Auto Digital | Promo 3 Cuotas,,,,,,,,,,,,,,,,Campaign negative,trabajo,,,,,,,,,,,,,,,,,,,,,,,,,,,,,,,,,,,,,,,,,,Negativa amplia a nivel campaña
Search | Auto Digital | Promo 3 Cuotas,,,,,,,,,,,,,,,,Campaign negative,empleo,,,,,,,,,,,,,,,,,,,,,,,,,,,,,,,,,,,,,,,,,,Negativa amplia a nivel campaña
Search | Auto Digital | Promo 3 Cuotas,,,,,,,,,,,,,,,,Campaign negative,vacantes,,,,,,,,,,,,,,,,,,,,,,,,,,,,,,,,,,,,,,,,,,Negativa amplia a nivel campaña
Search | Auto Digital | Promo 3 Cuotas,,,,,,,,,,,,,,,,Campaign negative,sueldo,,,,,,,,,,,,,,,,,,,,,,,,,,,,,,,,,,,,,,,,,,Negativa amplia a nivel campaña
Search | Auto Digital | Promo 3 Cuotas,,,,,,,,,,,,,,,,Campaign negative,práctica,,,,,,,,,,,,,,,,,,,,,,,,,,,,,,,,,,,,,,,,,,Negativa amplia a nivel campaña
Search | Auto Digital | Promo 3 Cuotas,,,,,,,,,,,,,,,,Campaign negative,pasantía,,,,,,,,,,,,,,,,,,,,,,,,,,,,,,,,,,,,,,,,,,Negativa amplia a nivel campaña
Search | Auto Digital | Promo 3 Cuotas,,,,,,,,,,,,,,,,Campaign negative,curriculum,,,,,,,,,,,,,,,,,,,,,,,,,,,,,,,,,,,,,,,,,,Negativa amplia a nivel campaña
Search | Auto Digital | Promo 3 Cuotas,,,,,,,,,,,,,,,,Campaign negative,cv,,,,,,,,,,,,,,,,,,,,,,,,,,,,,,,,,,,,,,,,,,Negativa amplia a nivel campaña
Search | Auto Digital | Promo 3 Cuotas,,,,,,,,,,,,,,,,Campaign negative,qué es un seguro,,,,,,,,,,,,,,,,,,,,,,,,,,,,,,,,,,,,,,,,,,Negativa amplia a nivel campaña
Search | Auto Digital | Promo 3 Cuotas,,,,,,,,,,,,,,,,Campaign negative,definición seguro,,,,,,,,,,,,,,,,,,,,,,,,,,,,,,,,,,,,,,,,,,Negativa amplia a nivel campaña
Search | Auto Digital | Promo 3 Cuotas,,,,,,,,,,,,,,,,Campaign negative,ley de seguros,,,,,,,,,,,,,,,,,,,,,,,,,,,,,,,,,,,,,,,,,,Negativa amplia a nivel campaña
Search | Auto Digital | Promo 3 Cuotas,,,,,,,,,,,,,,,,Campaign negative,normativa seguros,,,,,,,,,,,,,,,,,,,,,,,,,,,,,,,,,,,,,,,,,,Negativa amplia a nivel campaña
Search | Auto Digital | Promo 3 Cuotas,,,,,,,,,,,,,,,,Campaign negative,cmf seguros,,,,,,,,,,,,,,,,,,,,,,,,,,,,,,,,,,,,,,,,,,Negativa amplia a nivel campaña
Search | Auto Digital | Promo 3 Cuotas,,,,,,,,,,,,,,,,Campaign negative,curso de seguros,,,,,,,,,,,,,,,,,,,,,,,,,,,,,,,,,,,,,,,,,,Negativa amplia a nivel campaña
Search | Auto Digital | Promo 3 Cuotas,,,,,,,,,,,,,,,,Campaign negative,tesis seguros,,,,,,,,,,,,,,,,,,,,,,,,,,,,,,,,,,,,,,,,,,Negativa amplia a nivel campaña
Search | Auto Digital | Promo 3 Cuotas,,,,,,,,,,,,,,,,Campaign negative,tarea seguros,,,,,,,,,,,,,,,,,,,,,,,,,,,,,,,,,,,,,,,,,,Negativa amplia a nivel campaña
Search | Auto Digital | Promo 3 Cuotas,,,,,,,,,,,,,,,,Campaign negative,pdf seguros,,,,,,,,,,,,,,,,,,,,,,,,,,,,,,,,,,,,,,,,,,Negativa amplia a nivel campaña
Search | Auto Digital | Promo 3 Cuotas,,,,,,,,,,,,,,,,Campaign negative,ejemplo póliza,,,,,,,,,,,,,,,,,,,,,,,,,,,,,,,,,,,,,,,,,,Negativa amplia a nivel campaña
Search | Auto Digital | Promo 3 Cuotas,,,,,,,,,,,,,,,,Campaign negative,modelo de póliza,,,,,,,,,,,,,,,,,,,,,,,,,,,,,,,,,,,,,,,,,,Negativa amplia a nivel campaña
Search | Auto Digital | Promo 3 Cuotas,,,,,,,,,,,,,,,,Campaign negative,hogar,,,,,,,,,,,,,,,,,,,,,,,,,,,,,,,,,,,,,,,,,,Negativa amplia a nivel campaña
Search | Auto Digital | Promo 3 Cuotas,,,,,,,,,,,,,,,,Campaign negative,vida,,,,,,,,,,,,,,,,,,,,,,,,,,,,,,,,,,,,,,,,,,Negativa amplia a nivel campaña
Search | Auto Digital | Promo 3 Cuotas,,,,,,,,,,,,,,,,Campaign negative,salud,,,,,,,,,,,,,,,,,,,,,,,,,,,,,,,,,,,,,,,,,,Negativa amplia a nivel campaña
Search | Auto Digital | Promo 3 Cuotas,,,,,,,,,,,,,,,,Campaign negative,viaje,,,,,,,,,,,,,,,,,,,,,,,,,,,,,,,,,,,,,,,,,,Negativa amplia a nivel campaña
Search | Auto Digital | Promo 3 Cuotas,,,,,,,,,,,,,,,,Campaign negative,mascota,,,,,,,,,,,,,,,,,,,,,,,,,,,,,,,,,,,,,,,,,,Negativa amplia a nivel campaña
Search | Auto Digital | Promo 3 Cuotas,,,,,,,,,,,,,,,,Campaign negative,celular,,,,,,,,,,,,,,,,,,,,,,,,,,,,,,,,,,,,,,,,,,Negativa amplia a nivel campaña
Search | Auto Digital | Promo 3 Cuotas,,,,,,,,,,,,,,,,Campaign negative,cesantía,,,,,,,,,,,,,,,,,,,,,,,,,,,,,,,,,,,,,,,,,,Negativa amplia a nivel campaña
Search | Auto Digital | Promo 3 Cuotas,,,,,,,,,,,,,,,,Campaign negative,dental,,,,,,,,,,,,,,,,,,,,,,,,,,,,,,,,,,,,,,,,,,Negativa amplia a nivel campaña
Search | Auto Digital | Promo 3 Cuotas,,,,,,,,,,,,,,,,Campaign negative,incendio,,,,,,,,,,,,,,,,,,,,,,,,,,,,,,,,,,,,,,,,,,Negativa amplia a nivel campaña
Search | Auto Digital | Promo 3 Cuotas,,,,,,,,,,,,,,,,Campaign negative,escolar,,,,,,,,,,,,,,,,,,,,,,,,,,,,,,,,,,,,,,,,,,Negativa amplia a nivel campaña
Search | Auto Digital | Promo 3 Cuotas,,,,,,,,,,,,,,,,Campaign negative,comprar auto,,,,,,,,,,,,,,,,,,,,,,,,,,,,,,,,,,,,,,,,,,Negativa amplia a nivel campaña
Search | Auto Digital | Promo 3 Cuotas,,,,,,,,,,,,,,,,Campaign negative,vender auto,,,,,,,,,,,,,,,,,,,,,,,,,,,,,,,,,,,,,,,,,,Negativa amplia a nivel campaña
Search | Auto Digital | Promo 3 Cuotas,,,,,,,,,,,,,,,,Campaign negative,venta de autos,,,,,,,,,,,,,,,,,,,,,,,,,,,,,,,,,,,,,,,,,,Negativa amplia a nivel campaña
Search | Auto Digital | Promo 3 Cuotas,,,,,,,,,,,,,,,,Campaign negative,arriendo de autos,,,,,,,,,,,,,,,,,,,,,,,,,,,,,,,,,,,,,,,,,,Negativa amplia a nivel campaña
Search | Auto Digital | Promo 3 Cuotas,,,,,,,,,,,,,,,,Campaign negative,rent a car,,,,,,,,,,,,,,,,,,,,,,,,,,,,,,,,,,,,,,,,,,Negativa amplia a nivel campaña
Search | Auto Digital | Promo 3 Cuotas,,,,,,,,,,,,,,,,Campaign negative,crédito automotriz,,,,,,,,,,,,,,,,,,,,,,,,,,,,,,,,,,,,,,,,,,Negativa amplia a nivel campaña
Search | Auto Digital | Promo 3 Cuotas,,,,,,,,,,,,,,,,Campaign negative,leasing automotriz,,,,,,,,,,,,,,,,,,,,,,,,,,,,,,,,,,,,,,,,,,Negativa amplia a nivel campaña
Search | Auto Digital | Promo 3 Cuotas,,,,,,,,,,,,,,,,Campaign negative,repuestos auto,,,,,,,,,,,,,,,,,,,,,,,,,,,,,,,,,,,,,,,,,,Negativa amplia a nivel campaña
Search | Auto Digital | Promo 3 Cuotas,,,,,,,,,,,,,,,,Campaign negative,taller mecánico,,,,,,,,,,,,,,,,,,,,,,,,,,,,,,,,,,,,,,,,,,Negativa amplia a nivel campaña
Search | Auto Digital | Promo 3 Cuotas,,,,,,,,,,,,,,,,Campaign negative,mecánico a domicilio,,,,,,,,,,,,,,,,,,,,,,,,,,,,,,,,,,,,,,,,,,Negativa amplia a nivel campaña
Search | Auto Digital | Promo 3 Cuotas,,,,,,,,,,,,,,,,Campaign negative,lavado de autos,,,,,,,,,,,,,,,,,,,,,,,,,,,,,,,,,,,,,,,,,,Negativa amplia a nivel campaña
Search | Auto Digital | Promo 3 Cuotas,,,,,,,,,,,,,,,,Campaign negative,desabolladura y pintura,,,,,,,,,,,,,,,,,,,,,,,,,,,,,,,,,,,,,,,,,,Negativa amplia a nivel campaña
Search | Auto Digital | Producto Always On,,,,,,,,,,,,,,,,,,https://www9.acme.cl/corporate/web/ventadigital/cotizacionPlus/auto-digital/inicio,,,,,,,,,,,,,,,,,,,,,,,,,,,,,,,,,Cotiza tu seguro 100% online,Revisa tu precio antes de pagar,,,Cotiza Auto Digital,,,,Enlace de sitio a nivel campaña
Search | Auto Digital | Producto Always On,,,,,,,,,,,,,,,,,,https://www.acme.cl/seguros-auto/auto-digital,,,,,,,,,,,,,,,,,,,,,,,,,,,,,,,,,"Compara Básico, Estándar y Premium",Elige el que se adapte a ti,,,Planes del Seguro,,,,Enlace de sitio a nivel campaña
Search | Auto Digital | Producto Always On,,,,,,,,,,,,,,,,,,https://www.acme.cl/seguros-auto/auto-digital,,,,,,,,,,,,,,,,,,,,,,,,,,,,,,,,,"Robo, daños y responsabilidad civil",Revisa el detalle por plan,,,Coberturas del Seguro,,,,Enlace de sitio a nivel campaña
Search | Auto Digital | Producto Always On,,,,,,,,,,,,,,,,,,https://www.acme.cl/seguros-auto/auto-digital,,,,,,,,,,,,,,,,,,,,,,,,,,,,,,,,,Grúa y rescate 24/7,Revisa asistencias por plan,,,Asistencias del Seguro,,,,Enlace de sitio a nivel campaña
Search | Auto Digital | Producto Always On,,,,,,,,,,,,,,,,,,https://edge.sitecorecloud.io/acmeinsurf8c0-zwpshared-prod-d824/media/project/acme-headless/chile/docs/fichaspl/seguro_auto_digital_09-2026.pdf,,,,,,,,,,,,,,,,,,,,,,,,,,,,,,,,,"Elige 0, 3, 5 o 10 UF",Revisa cómo funciona el deducible,,,Deducibles Disponibles,,,,Enlace de sitio a nivel campaña
Search | Auto Digital | Producto Always On,,,,,,,,,,,,,,,,,,https://www.acme.cl/seguros-auto/auto-digital,,,,,,,,,,,,,,,,,,,,,,,,,,,,,,,,,Según la alternativa elegida,Revisa condiciones de asistencia,,,Auto de Reemplazo,,,,Enlace de sitio a nivel campaña
Search | Auto Digital | Producto Always On,,,,,,,,,,,,,,,,,,https://edge.sitecorecloud.io/acmeinsurf8c0-zwpshared-prod-d824/media/project/acme-headless/chile/docs/fichaspl/seguro_auto_digital_09-2026.pdf,,,,,,,,,,,,,,,,,,,,,,,,,,,,,,,,,Conoce coberturas y exclusiones,Consulta la ficha del producto,,,Ficha del Seguro,,,,Enlace de sitio a nivel campaña
Search | Auto Digital | Producto Always On,,,,,,,,,,,,,,,,,,https://www.acme.cl/seguros-auto/auto-digital,,,,,,,,,,,,,,,,,,,,,,,,,,,,,,,,,Resuelve dudas antes de cotizar,Revisa inspección y vigencia,,,Preguntas Frecuentes,,,,Enlace de sitio a nivel campaña
Search | Auto Digital | Producto Always On,,,,,,,,,,,,,,,,,,,,,,,,,,,,,,,,,,,,,,,,,,,,,,,,,,,,,,,,Contrata 100% En Línea,,,Texto destacado a nivel campaña
Search | Auto Digital | Producto Always On,,,,,,,,,,,,,,,,,,,,,,,,,,,,,,,,,,,,,,,,,,,,,,,,,,,,,,,,Cotiza y Contrata,,,Texto destacado a nivel campaña
Search | Auto Digital | Producto Always On,,,,,,,,,,,,,,,,,,,,,,,,,,,,,,,,,,,,,,,,,,,,,,,,,,,,,,,,3 Planes Para Elegir,,,Texto destacado a nivel campaña
Search | Auto Digital | Producto Always On,,,,,,,,,,,,,,,,,,,,,,,,,,,,,,,,,,,,,,,,,,,,,,,,,,,,,,,,"Deducibles 0, 3, 5 y 10",,,Texto destacado a nivel campaña
Search | Auto Digital | Producto Always On,,,,,,,,,,,,,,,,,,,,,,,,,,,,,,,,,,,,,,,,,,,,,,,,,,,,,,,,Robo y Daños,,,Texto destacado a nivel campaña
Search | Auto Digital | Producto Always On,,,,,,,,,,,,,,,,,,,,,,,,,,,,,,,,,,,,,,,,,,,,,,,,,,,,,,,,Responsabilidad Civil,,,Texto destacado a nivel campaña
Search | Auto Digital | Producto Always On,,,,,,,,,,,,,,,,,,,,,,,,,,,,,,,,,,,,,,,,,,,,,,,,,,,,,,,,Grúa y Rescate 24/7,,,Texto destacado a nivel campaña
Search | Auto Digital | Producto Always On,,,,,,,,,,,,,,,,,,,,,,,,,,,,,,,,,,,,,,,,,,,,,,,,,,,,,,,,Conductor de Reemplazo,,,Texto destacado a nivel campaña
Search | Auto Digital | Producto Always On,,,,,,,,,,,,,,,,,,,,,,,,,,,,,,,,,,,,,,,,,,,,,,,,,,,,,,,,Reparación In Situ,,,Texto destacado a nivel campaña
Search | Auto Digital | Producto Always On,,,,,,,,,,,,,,,,,,,,,,,,,,,,,,,,,,,,,,,,,,,,,,,,,,,,,,,,Mundo Acme,,,Texto destacado a nivel campaña
Search | Auto Digital | Producto Always On,,,es,,,,,,,,,,,,Enabled,,,,,,,,,,,,,,,,,,,,,,,,,,,,,,,,,,,,,,,,,,Tipos,Plan Básico;Plan Estándar;Plan Premium,Fragmento estructurado informativo a nivel campaña: Tipos
Search | Auto Digital | Producto Always On,,,es,,,,,,,,,,,,Enabled,,,,,,,,,,,,,,,,,,,,,,,,,,,,,,,,,,,,,,,,,,Cobertura de seguro,Daños materiales;Robo y hurto;Pérdida total;Responsabilidad civil;Robo de accesorios;Daños por granizo,Fragmento estructurado informativo a nivel campaña: Cobertura de seguro
Search | Auto Digital | Producto Always On,,,es,,,,,,,,,,,,Enabled,,,,,,,,,,,,,,,,,,,,,,,,,,,,,,,,,,,,,,,,,,Catálogo de servicios,Grúa y rescate 24/7;Reparación in situ;Auto de reemplazo;Conductor de reemplazo;Orientación legal;Revisión técnica,Fragmento estructurado informativo a nivel campaña: Catálogo de servicios
Search | Auto Digital | Promo 3 Cuotas,,,,,,,,,,,,,,,,,,https://www9.acme.cl/corporate/web/ventadigital/cotizacionPlus/auto-digital/inicio,,,,,,,,,,,,,,,,,,,,,,,,,,,,,,,,,Contrata online con promoción,Vigente hasta el 30/09/2026,,,Cotiza con 3 Cuotas,,,,Enlace de sitio a nivel campaña
Search | Auto Digital | Promo 3 Cuotas,,,,,,,,,,,,,,,,,,https://edge.sitecorecloud.io/acmeinsurf8c0-zwpshared-prod-d824/media/project/acme-headless/chile/docs/zch-bases-3-cuotas-gratis-septiembre-extension.pdf,,,,,,,,,,,,,,,,,,,,,,,,,,,,,,,,,Consulta requisitos y vigencia,Revisa las condiciones oficiales,,,Bases de la Promoción,,,,Enlace de sitio a nivel campaña
Search | Auto Digital | Promo 3 Cuotas,,,,,,,,,,,,,,,,,,https://www9.acme.cl/corporate/web/ventadigital/cotizacionPlus/auto-digital/inicio,,,,,,,,,,,,,,,,,,,,,,,,,,,,,,,,,Compra tu seguro 100% online,Según tu tipo de vehículo,,,3 Cuotas Gratis,,,,Enlace de sitio a nivel campaña
Search | Auto Digital | Promo 3 Cuotas,,,,,,,,,,,,,,,,,,https://www.acme.cl/seguros-auto/auto-digital,,,,,,,,,,,,,,,,,,,,,,,,,,,,,,,,,"Compara Básico, Estándar y Premium",Elige el que se adapte a ti,,,Planes del Seguro,,,,Enlace de sitio a nivel campaña
Search | Auto Digital | Promo 3 Cuotas,,,,,,,,,,,,,,,,,,https://www.acme.cl/seguros-auto/auto-digital,,,,,,,,,,,,,,,,,,,,,,,,,,,,,,,,,"Robo, daños y responsabilidad civil",Revisa el detalle por plan,,,Coberturas del Seguro,,,,Enlace de sitio a nivel campaña
Search | Auto Digital | Promo 3 Cuotas,,,,,,,,,,,,,,,,,,https://www.acme.cl/seguros-auto/auto-digital,,,,,,,,,,,,,,,,,,,,,,,,,,,,,,,,,Grúa y rescate 24/7,Revisa asistencias por plan,,,Asistencias del Seguro,,,,Enlace de sitio a nivel campaña
Search | Auto Digital | Promo 3 Cuotas,,,,,,,,,,,,,,,,,,https://edge.sitecorecloud.io/acmeinsurf8c0-zwpshared-prod-d824/media/project/acme-headless/chile/docs/fichaspl/seguro_auto_digital_09-2026.pdf,,,,,,,,,,,,,,,,,,,,,,,,,,,,,,,,,Conoce coberturas y exclusiones,Consulta la ficha del producto,,,Ficha del Seguro,,,,Enlace de sitio a nivel campaña
Search | Auto Digital | Promo 3 Cuotas,,,,,,,,,,,,,,,,,,https://www.acme.cl/mundo-acme,,,,,,,,,,,,,,,,,,,,,,,,,,,,,,,,,Beneficios y descuentos exclusivos,Conoce el programa para clientes,,,Mundo Acme,,,,Enlace de sitio a nivel campaña
Search | Auto Digital | Promo 3 Cuotas,,,,,,,,,,,,,,,,,,,,,,,,,,,,,,,,,,,,,,,,,,,,,,,,,,,,,,,,3 Cuotas Gratis,,,Texto destacado a nivel campaña
Search | Auto Digital | Promo 3 Cuotas,,,,,,,,,,,,,,,,,,,,,,,,,,,,,,,,,,,,,,,,,,,,,,,,,,,,,,,,Hasta 30/09/2026,,,Texto destacado a nivel campaña
Search | Auto Digital | Promo 3 Cuotas,,,,,,,,,,,,,,,,,,,,,,,,,,,,,,,,,,,,,,,,,,,,,,,,,,,,,,,,Contrata 100% En Línea,,,Texto destacado a nivel campaña
Search | Auto Digital | Promo 3 Cuotas,,,,,,,,,,,,,,,,,,,,,,,,,,,,,,,,,,,,,,,,,,,,,,,,,,,,,,,,Compra Según Tu Auto,,,Texto destacado a nivel campaña
Search | Auto Digital | Promo 3 Cuotas,,,,,,,,,,,,,,,,,,,,,,,,,,,,,,,,,,,,,,,,,,,,,,,,,,,,,,,,Mundo Acme,,,Texto destacado a nivel campaña
Search | Auto Digital | Promo 3 Cuotas,,,,,,,,,,,,,,,,,,,,,,,,,,,,,,,,,,,,,,,,,,,,,,,,,,,,,,,,Grúa y Rescate 24/7,,,Texto destacado a nivel campaña
Search | Auto Digital | Promo 3 Cuotas,,,,,,,,,,,,,,,,,,,,,,,,,,,,,,,,,,,,,,,,,,,,,,,,,,,,,,,,Conductor de Reemplazo,,,Texto destacado a nivel campaña
Search | Auto Digital | Promo 3 Cuotas,,,,,,,,,,,,,,,,,,,,,,,,,,,,,,,,,,,,,,,,,,,,,,,,,,,,,,,,Reparación In Situ,,,Texto destacado a nivel campaña
Search | Auto Digital | Promo 3 Cuotas,,,,,,,,,,,,,,,,,,,,,,,,,,,,,,,,,,,,,,,,,,,,,,,,,,,,,,,,Revisa Las Bases,,,Texto destacado a nivel campaña
Search | Auto Digital | Promo 3 Cuotas,,,,,,,,,,,,,,,,,,,,,,,,,,,,,,,,,,,,,,,,,,,,,,,,,,,,,,,,Respaldo Acme,,,Texto destacado a nivel campaña
Search | Auto Digital | Promo 3 Cuotas,,,es,,,,,,,,,,,,Enabled,,,,,,,,,,,,,,,,,,,,,,,,,,,,,,,,,,,,,,,,,,Tipos,Plan Básico;Plan Estándar;Plan Premium,Fragmento estructurado informativo a nivel campaña: Tipos
Search | Auto Digital | Promo 3 Cuotas,,,es,,,,,,,,,,,,Enabled,,,,,,,,,,,,,,,,,,,,,,,,,,,,,,,,,,,,,,,,,,Cobertura de seguro,Daños materiales;Robo y hurto;Pérdida total;Responsabilidad civil;Robo de accesorios;Daños por granizo,Fragmento estructurado informativo a nivel campaña: Cobertura de seguro
Search | Auto Digital | Promo 3 Cuotas,,,es,,,,,,,,,,,,Enabled,,,,,,,,,,,,,,,,,,,,,,,,,,,,,,,,,,,,,,,,,,Catálogo de servicios,Grúa y rescate 24/7;Reparación in situ;Auto de reemplazo;Conductor de reemplazo;Orientación legal;Revisión técnica,Fragmento estructurado informativo a nivel campaña: Catálogo de servicios
